return_id,order_id,customer_id,return_date,days_to_return,return_reason,refund_amount,item_returned_opened,return_packaging_intact,photo_evidence_provided,refund_to_different_account,vendor_decision,verified_abuse_type,decision_timestamp
RET000001,ORD000009,CUST00003,2024-10-12,4,Wrong size,89.41,0,1,1,0,approved,Legitimate,2024-10-13
RET000002,ORD000013,CUST00004,2024-02-17,5,Not as described,233.14,1,0,1,0,rejected,Wardrobing,2024-02-19
RET000003,ORD000015,CUST00004,2025-05-20,1,No longer needed,150.36,0,1,0,0,approved,Policy Abuser,2025-05-22
RET000004,ORD000016,CUST00004,2024-09-05,1,Not as described,117.89,1,1,0,0,rejected,Policy Abuser,2024-09-07
RET000005,ORD000017,CUST00004,2025-03-16,2,Wrong size,240.2,1,1,0,0,approved,Policy Abuser,2025-03-20
RET000006,ORD000018,CUST00004,2024-09-19,1,Late delivery,92.83,1,1,1,0,rejected,Policy Abuser,2024-09-23
RET000007,ORD000019,CUST00004,2024-12-28,8,Late delivery,205.46,1,0,0,1,rejected,Fraudulent Return,2024-12-31
RET000008,ORD000020,CUST00004,2024-05-11,1,Item defective,78.99,1,0,0,1,rejected,Fraudulent Return,2024-05-14
RET000009,ORD000021,CUST00004,2025-06-16,20,Found cheaper elsewhere,16.93,0,0,0,0,rejected,Wardrobing,2025-06-18
RET000010,ORD000022,CUST00004,2024-09-20,2,Changed mind,5.0,1,0,0,0,approved,Policy Abuser,2024-09-22
RET000011,ORD000030,CUST00006,2025-08-26,11,Found cheaper elsewhere,16.36,0,1,1,0,approved,Legitimate,2025-08-30
RET000012,ORD000040,CUST00008,2024-07-08,2,Late delivery,124.47,0,1,1,0,approved,Legitimate,2024-07-10
RET000013,ORD000041,CUST00008,2025-08-20,1,Not as described,5.0,1,1,1,0,approved,Legitimate,2025-08-24
RET000014,ORD000060,CUST00014,2025-04-12,6,No longer needed,87.02,0,1,0,0,approved,Legitimate,2025-04-16
RET000015,ORD000061,CUST00014,2025-01-12,13,Wrong size,170.94,0,1,1,0,approved,Legitimate,2025-01-13
RET000016,ORD000062,CUST00014,2025-03-02,7,Changed mind,181.42,0,1,1,0,approved,Legitimate,2025-03-03
RET000017,ORD000067,CUST00015,2024-09-17,13,Found cheaper elsewhere,153.44,0,1,1,0,approved,Legitimate,2024-09-18
RET000018,ORD000070,CUST00016,2024-08-01,4,No longer needed,351.45,0,1,1,0,approved,Legitimate,2024-08-02
RET000019,ORD000071,CUST00016,2024-05-03,1,Found cheaper elsewhere,117.34,0,1,1,0,approved,Legitimate,2024-05-04
RET000020,ORD000072,CUST00017,2025-01-19,3,Late delivery,149.36,1,1,0,1,rejected,Wardrobing,2025-01-22
RET000021,ORD000073,CUST00017,2024-06-13,7,Item defective,238.5,1,1,1,0,rejected,Fraudulent Return,2024-06-14
RET000022,ORD000076,CUST00018,2024-11-05,2,No longer needed,126.16,0,1,1,0,approved,Legitimate,2024-11-07
RET000023,ORD000079,CUST00019,2025-04-30,1,Late delivery,186.29,1,1,1,0,approved,Legitimate,2025-05-03
RET000024,ORD000081,CUST00019,2025-08-09,4,Item defective,37.85,1,1,1,0,approved,Legitimate,2025-08-10
RET000025,ORD000085,CUST00019,2025-03-10,3,Found cheaper elsewhere,60.4,0,1,1,0,rejected,Policy Abuser,2025-03-13
RET000026,ORD000094,CUST00021,2024-11-28,6,Late delivery,52.62,0,1,0,0,approved,Legitimate,2024-11-29
RET000027,ORD000096,CUST00022,2025-01-24,5,No longer needed,159.36,0,0,0,0,approved,Legitimate,2025-01-28
RET000028,ORD000108,CUST00024,2025-02-22,19,Not as described,165.87,0,1,1,0,approved,Fraudulent Return,2025-02-24
RET000029,ORD000109,CUST00024,2024-09-29,4,No longer needed,5.0,1,1,1,0,approved,Legitimate,2024-10-01
RET000030,ORD000113,CUST00025,2025-01-06,4,No longer needed,5.0,0,1,1,0,approved,Policy Abuser,2025-01-07
RET000031,ORD000114,CUST00025,2025-01-12,3,Item defective,58.84,0,1,0,0,approved,Legitimate,2025-01-16
RET000032,ORD000118,CUST00025,2025-02-26,4,Wrong size,206.13,1,0,1,0,rejected,Wardrobing,2025-03-02
RET000033,ORD000119,CUST00026,2024-12-03,6,Item damaged,55.53,0,1,1,0,approved,Legitimate,2024-12-04
RET000034,ORD000121,CUST00027,2025-02-15,2,Item defective,262.02,1,0,0,0,rejected,Policy Abuser,2025-02-17
RET000035,ORD000122,CUST00027,2024-09-11,1,Wrong size,140.04,0,0,1,0,rejected,Policy Abuser,2024-09-15
RET000036,ORD000123,CUST00027,2024-03-14,1,No longer needed,7.22,1,0,0,0,rejected,Policy Abuser,2024-03-15
RET000037,ORD000136,CUST00032,2025-06-18,3,Item damaged,74.24,0,1,1,0,approved,Legitimate,2025-06-22
RET000038,ORD000144,CUST00035,2024-07-24,9,Found cheaper elsewhere,5.0,0,1,0,0,rejected,Policy Abuser,2024-07-26
RET000039,ORD000145,CUST00035,2024-09-04,3,Changed mind,45.3,1,0,1,0,approved,Policy Abuser,2024-09-06
RET000040,ORD000147,CUST00035,2024-07-22,4,Not as described,5.0,1,1,0,0,rejected,Policy Abuser,2024-07-26
RET000041,ORD000150,CUST00036,2025-04-02,7,Found cheaper elsewhere,96.76,1,1,0,1,rejected,Policy Abuser,2025-04-04
RET000042,ORD000151,CUST00036,2024-01-04,1,Found cheaper elsewhere,228.54,1,0,0,0,rejected,Fraudulent Return,2024-01-08
RET000043,ORD000152,CUST00036,2025-03-05,1,Item damaged,81.04,1,0,1,0,rejected,Fraudulent Return,2025-03-08
RET000044,ORD000156,CUST00037,2025-06-23,1,No longer needed,39.46,0,1,1,0,approved,Legitimate,2025-06-25
RET000045,ORD000163,CUST00037,2024-06-29,1,Item damaged,5.0,0,1,1,0,approved,Legitimate,2024-07-03
RET000046,ORD000164,CUST00037,2024-03-16,1,Changed mind,49.7,1,1,0,0,approved,Legitimate,2024-03-19
RET000047,ORD000179,CUST00042,2025-02-22,14,Wrong size,197.13,0,1,1,0,rejected,Policy Abuser,2025-02-23
RET000048,ORD000184,CUST00042,2024-07-13,1,Item damaged,64.02,1,1,0,0,approved,Legitimate,2024-07-17
RET000049,ORD000185,CUST00042,2024-09-16,12,Found cheaper elsewhere,27.69,0,1,1,0,approved,Legitimate,2024-09-17
RET000050,ORD000193,CUST00044,2025-07-11,1,Wrong size,86.42,0,1,1,0,rejected,Policy Abuser,2025-07-13
RET000051,ORD000198,CUST00046,2025-06-09,1,Found cheaper elsewhere,125.31,0,0,0,0,rejected,Fraudulent Return,2025-06-13
RET000052,ORD000199,CUST00046,2024-01-08,1,Wrong size,103.07,1,0,0,1,rejected,Policy Abuser,2024-01-12
RET000053,ORD000200,CUST00046,2024-09-06,3,Wrong size,193.25,1,1,0,0,approved,Wardrobing,2024-09-07
RET000054,ORD000202,CUST00046,2025-05-19,5,Changed mind,98.44,1,0,0,1,approved,Fraudulent Return,2025-05-22
RET000055,ORD000203,CUST00046,2025-01-06,23,Item damaged,124.06,1,0,0,0,approved,Fraudulent Return,2025-01-10
RET000056,ORD000205,CUST00046,2024-10-02,8,Item defective,131.15,1,0,1,0,rejected,Fraudulent Return,2024-10-03
RET000057,ORD000208,CUST00048,2025-03-26,10,Item damaged,5.0,0,1,0,0,approved,Legitimate,2025-03-27
RET000058,ORD000214,CUST00049,2025-01-22,2,Late delivery,92.61,0,1,0,0,approved,Legitimate,2025-01-25
RET000059,ORD000224,CUST00053,2024-02-16,1,Wrong size,89.34,0,1,1,0,approved,Legitimate,2024-02-17
RET000060,ORD000234,CUST00056,2024-07-11,1,Item damaged,114.78,1,1,1,0,approved,Legitimate,2024-07-12
RET000061,ORD000241,CUST00057,2024-02-11,1,No longer needed,31.89,0,1,1,0,approved,Legitimate,2024-02-12
RET000062,ORD000256,CUST00061,2024-08-03,3,Not as described,134.33,0,1,1,0,approved,Legitimate,2024-08-05
RET000063,ORD000258,CUST00061,2024-07-14,4,Found cheaper elsewhere,165.75,0,1,0,0,approved,Legitimate,2024-07-16
RET000064,ORD000273,CUST00066,2024-09-26,22,Wrong size,89.29,0,1,1,0,approved,Legitimate,2024-09-28
RET000065,ORD000277,CUST00067,2024-12-09,3,Item defective,81.88,0,1,1,0,approved,Legitimate,2024-12-11
RET000066,ORD000279,CUST00068,2025-04-01,8,Found cheaper elsewhere,153.32,0,1,1,0,approved,Legitimate,2025-04-03
RET000067,ORD000283,CUST00069,2024-11-19,2,Late delivery,336.15,1,0,0,0,approved,Policy Abuser,2024-11-23
RET000068,ORD000284,CUST00069,2025-03-18,13,Changed mind,129.68,1,0,0,1,approved,Fraudulent Return,2025-03-21
RET000069,ORD000285,CUST00069,2025-02-21,1,Not as described,21.14,0,1,0,1,rejected,Policy Abuser,2025-02-24
RET000070,ORD000286,CUST00069,2024-10-01,6,Item damaged,313.69,0,0,0,0,rejected,Wardrobing,2024-10-04
RET000071,ORD000288,CUST00069,2024-04-02,10,No longer needed,118.47,1,0,1,1,approved,Policy Abuser,2024-04-04
RET000072,ORD000295,CUST00071,2024-11-03,1,Changed mind,92.31,0,0,1,0,approved,Legitimate,2024-11-07
RET000073,ORD000296,CUST00071,2024-08-10,1,No longer needed,108.4,1,0,1,0,approved,Legitimate,2024-08-11
RET000074,ORD000297,CUST00071,2025-04-17,1,Late delivery,33.02,1,0,0,0,rejected,Policy Abuser,2025-04-20
RET000075,ORD000300,CUST00072,2024-07-07,8,Not as described,164.28,1,1,0,0,approved,Legitimate,2024-07-11
RET000076,ORD000304,CUST00072,2024-09-11,1,No longer needed,94.25,1,1,0,0,approved,Legitimate,2024-09-14
RET000077,ORD000321,CUST00077,2024-12-23,1,Found cheaper elsewhere,257.85,1,0,0,0,approved,Legitimate,2024-12-25
RET000078,ORD000329,CUST00080,2024-09-27,15,Found cheaper elsewhere,27.99,1,0,0,0,approved,Wardrobing,2024-10-01
RET000079,ORD000330,CUST00080,2025-02-09,1,Found cheaper elsewhere,96.42,0,0,0,1,rejected,Fraudulent Return,2025-02-10
RET000080,ORD000331,CUST00080,2024-04-27,2,Wrong size,156.56,1,0,0,0,approved,Fraudulent Return,2024-04-28
RET000081,ORD000333,CUST00080,2025-08-12,8,Found cheaper elsewhere,202.57,1,0,0,0,approved,Policy Abuser,2025-08-14
RET000082,ORD000348,CUST00086,2024-02-20,3,Item damaged,284.68,0,1,1,0,approved,Legitimate,2024-02-21
RET000083,ORD000353,CUST00087,2025-08-31,11,Item damaged,245.14,0,1,1,0,approved,Legitimate,2025-09-03
RET000084,ORD000363,CUST00090,2024-06-16,1,Item damaged,16.14,0,1,1,0,approved,Legitimate,2024-06-19
RET000085,ORD000368,CUST00092,2024-11-23,1,Changed mind,113.33,0,1,1,0,approved,Legitimate,2024-11-26
RET000086,ORD000381,CUST00095,2025-06-09,2,Late delivery,147.73,0,1,0,0,rejected,Policy Abuser,2025-06-11
RET000087,ORD000386,CUST00096,2025-05-19,10,Found cheaper elsewhere,89.4,1,1,0,0,approved,Legitimate,2025-05-20
RET000088,ORD000387,CUST00096,2024-10-04,16,Changed mind,181.8,0,1,1,0,approved,Legitimate,2024-10-07
RET000089,ORD000388,CUST00096,2024-03-23,3,Late delivery,88.79,0,0,1,0,approved,Legitimate,2024-03-25
RET000090,ORD000389,CUST00096,2025-03-12,27,Not as described,176.72,1,1,0,0,approved,Legitimate,2025-03-14
RET000091,ORD000392,CUST00097,2024-07-31,14,No longer needed,101.96,0,1,1,0,approved,Legitimate,2024-08-03
RET000092,ORD000393,CUST00097,2025-07-22,4,Wrong size,182.93,0,1,0,0,approved,Legitimate,2025-07-24
RET000093,ORD000415,CUST00103,2024-06-06,1,Late delivery,382.8,1,1,1,0,approved,Legitimate,2024-06-08
RET000094,ORD000420,CUST00103,2025-02-16,10,Found cheaper elsewhere,200.28,1,0,1,0,rejected,Fraudulent Return,2025-02-20
RET000095,ORD000438,CUST00107,2025-07-05,1,Not as described,165.8,0,0,1,0,approved,Legitimate,2025-07-06
RET000096,ORD000441,CUST00108,2025-04-27,2,Wrong size,58.17,0,1,1,0,approved,Policy Abuser,2025-04-30
RET000097,ORD000443,CUST00108,2025-05-17,1,Item defective,125.14,1,0,1,0,approved,Policy Abuser,2025-05-18
RET000098,ORD000446,CUST00109,2025-04-30,3,Changed mind,115.43,0,1,1,0,rejected,Fraudulent Return,2025-05-01
RET000099,ORD000452,CUST00110,2024-08-15,4,No longer needed,139.97,0,1,0,0,approved,Legitimate,2024-08-17
RET000100,ORD000458,CUST00112,2025-05-08,13,Wrong size,98.07,1,1,0,0,rejected,Fraudulent Return,2025-05-11
RET000101,ORD000459,CUST00112,2024-04-11,7,Late delivery,43.31,1,0,0,0,rejected,Wardrobing,2024-04-14
RET000102,ORD000467,CUST00115,2025-01-08,2,Wrong size,249.84,1,0,1,0,approved,Legitimate,2025-01-11
RET000103,ORD000469,CUST00115,2024-04-26,5,No longer needed,120.76,1,0,1,0,approved,Legitimate,2024-04-27
RET000104,ORD000476,CUST00117,2025-02-01,1,Not as described,20.12,1,1,0,0,approved,Legitimate,2025-02-05
RET000105,ORD000480,CUST00117,2024-08-22,7,Item defective,91.87,1,1,1,0,rejected,Policy Abuser,2024-08-25
RET000106,ORD000482,CUST00117,2025-04-08,1,Late delivery,89.51,1,1,1,0,approved,Legitimate,2025-04-11
RET000107,ORD000483,CUST00117,2024-04-19,2,Found cheaper elsewhere,197.39,1,1,0,0,approved,Policy Abuser,2024-04-21
RET000108,ORD000490,CUST00119,2025-05-06,13,Changed mind,242.36,0,1,0,0,approved,Legitimate,2025-05-07
RET000109,ORD000491,CUST00119,2024-01-25,9,Changed mind,85.52,1,1,1,0,rejected,Policy Abuser,2024-01-29
RET000110,ORD000514,CUST00123,2024-10-21,5,Late delivery,253.29,0,1,1,0,approved,Legitimate,2024-10-22
RET000111,ORD000516,CUST00124,2025-01-24,21,Found cheaper elsewhere,234.06,1,1,1,0,approved,Legitimate,2025-01-28
RET000112,ORD000520,CUST00125,2024-09-21,10,Item defective,148.62,1,0,0,1,approved,Policy Abuser,2024-09-22
RET000113,ORD000521,CUST00125,2025-05-06,1,Found cheaper elsewhere,28.45,1,1,0,0,rejected,Policy Abuser,2025-05-08
RET000114,ORD000522,CUST00125,2025-05-08,1,Item damaged,185.52,1,0,0,1,approved,Wardrobing,2025-05-09
RET000115,ORD000523,CUST00125,2025-01-25,1,Item damaged,261.15,0,0,0,1,rejected,Policy Abuser,2025-01-29
RET000116,ORD000524,CUST00125,2024-03-27,6,Found cheaper elsewhere,237.85,1,1,0,0,rejected,Fraudulent Return,2024-03-31
RET000117,ORD000525,CUST00125,2024-09-03,16,Wrong size,190.59,1,0,0,0,rejected,Wardrobing,2024-09-04
RET000118,ORD000543,CUST00129,2024-10-28,9,Wrong size,98.15,0,1,1,0,approved,Legitimate,2024-10-29
RET000119,ORD000550,CUST00130,2025-07-17,5,Late delivery,5.46,1,1,0,0,approved,Policy Abuser,2025-07-18
RET000120,ORD000552,CUST00130,2025-07-10,9,Changed mind,127.51,0,1,1,0,rejected,Wardrobing,2025-07-12
RET000121,ORD000555,CUST00130,2024-06-15,5,Changed mind,205.44,0,1,0,0,approved,Legitimate,2024-06-19
RET000122,ORD000558,CUST00130,2024-05-04,2,Wrong size,184.43,0,1,1,0,approved,Legitimate,2024-05-08
RET000123,ORD000565,CUST00132,2025-03-29,1,Wrong size,318.87,1,0,1,1,rejected,Fraudulent Return,2025-04-02
RET000124,ORD000566,CUST00132,2025-03-01,3,Changed mind,70.92,1,0,0,0,approved,Wardrobing,2025-03-04
RET000125,ORD000569,CUST00132,2024-12-16,1,No longer needed,174.02,1,0,0,0,rejected,Fraudulent Return,2024-12-19
RET000126,ORD000571,CUST00132,2024-06-03,5,Late delivery,120.91,1,0,0,0,approved,Policy Abuser,2024-06-06
RET000127,ORD000573,CUST00133,2024-11-15,7,Changed mind,37.01,1,1,1,0,approved,Legitimate,2024-11-16
RET000128,ORD000575,CUST00133,2025-05-12,5,Changed mind,143.15,0,1,0,1,approved,Legitimate,2025-05-13
RET000129,ORD000578,CUST00133,2024-06-23,5,Wrong size,193.37,0,1,0,0,approved,Legitimate,2024-06-24
RET000130,ORD000580,CUST00133,2025-06-05,9,Wrong size,185.33,0,1,1,0,approved,Legitimate,2025-06-06
RET000131,ORD000583,CUST00134,2024-10-21,16,Wrong size,116.94,0,0,0,0,approved,Policy Abuser,2024-10-23
RET000132,ORD000586,CUST00134,2024-12-08,1,Changed mind,236.4,1,0,0,0,rejected,Fraudulent Return,2024-12-11
RET000133,ORD000587,CUST00134,2024-09-30,1,Changed mind,31.13,1,0,1,0,rejected,Fraudulent Return,2024-10-03
RET000134,ORD000588,CUST00134,2025-08-10,2,Found cheaper elsewhere,214.78,1,1,0,0,rejected,Policy Abuser,2025-08-14
RET000135,ORD000590,CUST00134,2024-12-04,5,Wrong size,91.27,1,0,0,1,rejected,Policy Abuser,2024-12-08
RET000136,ORD000591,CUST00134,2024-05-15,1,Wrong size,198.21,0,0,0,0,rejected,Fraudulent Return,2024-05-19
RET000137,ORD000592,CUST00134,2024-01-22,1,Wrong size,45.09,1,1,0,1,rejected,Fraudulent Return,2024-01-23
RET000138,ORD000593,CUST00135,2024-08-09,10,Wrong size,69.38,0,1,1,0,approved,Legitimate,2024-08-12
RET000139,ORD000595,CUST00135,2025-08-12,1,Late delivery,255.93,1,1,1,0,approved,Legitimate,2025-08-15
RET000140,ORD000597,CUST00135,2024-09-24,1,Wrong size,141.91,1,1,0,0,approved,Legitimate,2024-09-28
RET000141,ORD000598,CUST00135,2024-06-17,7,Changed mind,141.46,0,1,1,0,approved,Legitimate,2024-06-18
RET000142,ORD000599,CUST00135,2024-08-08,11,Late delivery,130.37,1,1,0,0,approved,Legitimate,2024-08-12
RET000143,ORD000601,CUST00136,2025-04-23,27,No longer needed,5.0,0,0,1,0,approved,Legitimate,2025-04-27
RET000144,ORD000607,CUST00137,2024-04-27,1,Not as described,124.62,0,1,1,0,approved,Legitimate,2024-05-01
RET000145,ORD000613,CUST00139,2025-03-21,5,Wrong size,87.79,0,1,1,0,rejected,Wardrobing,2025-03-23
RET000146,ORD000616,CUST00141,2024-10-27,14,Changed mind,102.62,0,1,1,0,approved,Legitimate,2024-10-31
RET000147,ORD000640,CUST00147,2025-08-19,5,Late delivery,171.29,1,1,1,0,approved,Legitimate,2025-08-20
RET000148,ORD000642,CUST00147,2025-05-18,1,Not as described,119.93,0,0,1,0,approved,Policy Abuser,2025-05-19
RET000149,ORD000643,CUST00147,2024-09-04,7,Item defective,165.32,0,1,0,0,approved,Legitimate,2024-09-06
RET000150,ORD000644,CUST00147,2024-11-14,5,Item defective,258.02,1,1,1,1,approved,Legitimate,2024-11-15
RET000151,ORD000648,CUST00148,2024-06-11,17,Late delivery,208.49,1,1,1,0,approved,Legitimate,2024-06-13
RET000152,ORD000668,CUST00154,2025-04-06,15,No longer needed,285.97,0,0,1,0,approved,Legitimate,2025-04-07
RET000153,ORD000670,CUST00154,2024-04-27,2,Item damaged,244.28,0,0,0,0,rejected,Policy Abuser,2024-04-29
RET000154,ORD000673,CUST00155,2025-03-24,21,Wrong size,5.0,1,1,1,0,approved,Legitimate,2025-03-27
RET000155,ORD000685,CUST00158,2024-11-02,6,Changed mind,38.01,0,1,1,0,approved,Policy Abuser,2024-11-05
RET000156,ORD000689,CUST00159,2025-03-23,5,Not as described,74.48,0,0,1,0,approved,Legitimate,2025-03-25
RET000157,ORD000691,CUST00159,2024-05-05,7,Changed mind,105.95,0,1,1,0,approved,Legitimate,2024-05-09
RET000158,ORD000694,CUST00159,2024-09-23,3,Changed mind,160.01,0,0,1,0,rejected,Wardrobing,2024-09-25
RET000159,ORD000695,CUST00160,2024-03-30,1,Item defective,119.93,0,1,1,0,approved,Legitimate,2024-04-03
RET000160,ORD000701,CUST00160,2024-01-26,3,Item damaged,108.34,1,1,1,0,approved,Legitimate,2024-01-27
RET000161,ORD000703,CUST00161,2024-03-28,4,No longer needed,171.38,0,1,1,0,approved,Legitimate,2024-04-01
RET000162,ORD000704,CUST00161,2024-02-29,11,Item damaged,165.33,0,1,0,0,approved,Legitimate,2024-03-01
RET000163,ORD000705,CUST00161,2024-11-02,3,Wrong size,124.79,1,1,1,0,rejected,Policy Abuser,2024-11-04
RET000164,ORD000708,CUST00161,2024-10-23,1,Late delivery,155.03,0,1,1,0,approved,Legitimate,2024-10-26
RET000165,ORD000720,CUST00164,2025-06-09,3,Changed mind,44.15,0,1,1,0,approved,Legitimate,2025-06-10
RET000166,ORD000730,CUST00166,2024-07-23,1,Late delivery,136.7,1,1,1,0,approved,Legitimate,2024-07-24
RET000167,ORD000740,CUST00169,2025-05-12,14,Not as described,237.83,0,0,0,0,approved,Fraudulent Return,2025-05-15
RET000168,ORD000741,CUST00169,2025-03-29,8,Changed mind,248.0,0,0,0,1,approved,Policy Abuser,2025-03-31
RET000169,ORD000742,CUST00169,2024-06-19,2,Item damaged,119.29,1,1,0,1,rejected,Fraudulent Return,2024-06-22
RET000170,ORD000743,CUST00169,2025-04-13,1,Found cheaper elsewhere,38.78,0,0,0,1,approved,Policy Abuser,2025-04-17
RET000171,ORD000744,CUST00169,2024-07-26,3,Found cheaper elsewhere,40.59,1,1,0,0,rejected,Wardrobing,2024-07-29
RET000172,ORD000745,CUST00169,2024-06-28,1,Item damaged,177.16,0,1,0,0,rejected,Fraudulent Return,2024-06-30
RET000173,ORD000746,CUST00169,2024-06-07,1,Item defective,217.25,1,1,1,1,rejected,Fraudulent Return,2024-06-09
RET000174,ORD000748,CUST00169,2024-11-29,3,Item damaged,209.56,0,1,0,1,rejected,Policy Abuser,2024-12-01
RET000175,ORD000749,CUST00169,2024-04-24,10,Not as described,81.72,0,0,0,0,rejected,Fraudulent Return,2024-04-28
RET000176,ORD000750,CUST00170,2024-01-09,5,Item defective,64.56,1,0,0,0,approved,Wardrobing,2024-01-13
RET000177,ORD000755,CUST00170,2024-03-13,2,Wrong size,10.34,1,1,1,0,approved,Legitimate,2024-03-15
RET000178,ORD000758,CUST00171,2024-12-20,12,Changed mind,120.15,1,0,0,0,rejected,Fraudulent Return,2024-12-21
RET000179,ORD000759,CUST00171,2024-06-06,6,Found cheaper elsewhere,99.77,0,1,1,0,rejected,Wardrobing,2024-06-10
RET000180,ORD000760,CUST00171,2024-02-01,11,No longer needed,100.78,1,0,0,0,approved,Fraudulent Return,2024-02-04
RET000181,ORD000763,CUST00172,2024-04-26,16,Item defective,97.38,1,1,0,1,rejected,Policy Abuser,2024-04-28
RET000182,ORD000764,CUST00172,2025-04-05,11,Item defective,104.37,1,1,0,0,rejected,Fraudulent Return,2025-04-09
RET000183,ORD000765,CUST00172,2025-04-04,24,Not as described,189.98,1,1,0,0,rejected,Fraudulent Return,2025-04-07
RET000184,ORD000766,CUST00172,2025-01-11,3,Not as described,5.0,1,1,0,0,approved,Policy Abuser,2025-01-14
RET000185,ORD000767,CUST00172,2024-10-01,12,No longer needed,151.34,0,0,0,0,approved,Legitimate,2024-10-04
RET000186,ORD000768,CUST00172,2025-08-05,3,Item damaged,105.04,1,0,1,0,rejected,Wardrobing,2025-08-09
RET000187,ORD000786,CUST00178,2024-04-17,1,Item defective,64.1,0,1,1,0,approved,Legitimate,2024-04-20
RET000188,ORD000787,CUST00178,2024-05-01,7,Late delivery,213.37,0,1,1,0,approved,Legitimate,2024-05-04
RET000189,ORD000790,CUST00179,2024-04-18,1,Changed mind,116.03,1,0,1,0,approved,Legitimate,2024-04-20
RET000190,ORD000791,CUST00179,2024-09-14,12,Wrong size,198.39,1,1,1,0,approved,Legitimate,2024-09-17
RET000191,ORD000794,CUST00180,2025-05-18,1,Item damaged,130.59,1,1,1,0,approved,Legitimate,2025-05-21
RET000192,ORD000805,CUST00183,2024-08-08,2,Not as described,184.5,0,0,0,0,approved,Legitimate,2024-08-09
RET000193,ORD000807,CUST00183,2024-11-05,3,Found cheaper elsewhere,5.0,0,0,1,0,approved,Legitimate,2024-11-06
RET000194,ORD000811,CUST00184,2024-02-09,6,Not as described,149.39,1,1,1,0,rejected,Wardrobing,2024-02-12
RET000195,ORD000814,CUST00184,2025-09-07,19,No longer needed,226.32,1,1,1,0,approved,Legitimate,2025-09-11
RET000196,ORD000817,CUST00184,2024-06-13,10,Item damaged,227.17,0,1,1,0,approved,Legitimate,2024-06-15
RET000197,ORD000818,CUST00184,2024-11-23,1,Changed mind,98.39,1,1,1,0,approved,Legitimate,2024-11-26
RET000198,ORD000836,CUST00189,2025-01-19,5,Found cheaper elsewhere,143.99,0,1,1,0,approved,Legitimate,2025-01-22
RET000199,ORD000845,CUST00190,2025-02-21,9,Not as described,33.28,0,1,1,0,approved,Legitimate,2025-02-24
RET000200,ORD000850,CUST00191,2025-04-28,1,Wrong size,139.68,1,1,1,0,approved,Legitimate,2025-04-29
RET000201,ORD000854,CUST00193,2025-07-24,3,Found cheaper elsewhere,81.37,1,0,0,0,approved,Legitimate,2025-07-26
RET000202,ORD000856,CUST00193,2025-04-15,5,Item defective,181.52,0,1,1,0,approved,Legitimate,2025-04-17
RET000203,ORD000860,CUST00193,2025-06-14,1,Not as described,74.66,1,1,0,0,approved,Legitimate,2025-06-17
RET000204,ORD000873,CUST00195,2024-02-20,2,Not as described,226.83,1,1,1,0,approved,Legitimate,2024-02-24
RET000205,ORD000890,CUST00199,2025-05-30,2,Item damaged,180.54,0,1,1,0,approved,Legitimate,2025-06-01
RET000206,ORD000896,CUST00200,2025-05-19,10,Changed mind,285.88,0,1,1,0,approved,Policy Abuser,2025-05-20
RET000207,ORD000909,CUST00203,2024-10-27,5,Not as described,127.1,0,1,1,0,approved,Legitimate,2024-10-29
RET000208,ORD000912,CUST00204,2025-08-13,30,Not as described,145.28,0,0,1,0,approved,Legitimate,2025-08-16
RET000209,ORD000916,CUST00205,2025-08-29,13,Changed mind,158.52,0,1,1,0,approved,Legitimate,2025-09-02
RET000210,ORD000921,CUST00205,2024-07-22,2,Item defective,198.89,0,1,1,0,approved,Legitimate,2024-07-25
RET000211,ORD000946,CUST00212,2025-05-22,30,No longer needed,44.41,0,1,1,0,approved,Legitimate,2025-05-25
RET000212,ORD000952,CUST00213,2024-09-01,7,Found cheaper elsewhere,143.9,0,1,1,0,approved,Legitimate,2024-09-02
RET000213,ORD000963,CUST00216,2024-11-21,7,No longer needed,164.71,1,0,0,0,rejected,Fraudulent Return,2024-11-23
RET000214,ORD000964,CUST00216,2024-02-11,19,Wrong size,74.69,1,1,1,0,rejected,Policy Abuser,2024-02-14
RET000215,ORD000965,CUST00216,2024-08-09,7,Item damaged,84.63,1,0,0,0,rejected,Fraudulent Return,2024-08-12
RET000216,ORD000967,CUST00216,2024-12-04,5,Changed mind,135.58,1,0,0,0,rejected,Fraudulent Return,2024-12-05
RET000217,ORD000968,CUST00216,2025-07-14,4,Item defective,117.05,1,1,0,0,approved,Policy Abuser,2025-07-16
RET000218,ORD000971,CUST00217,2024-02-29,1,Item defective,155.86,0,1,1,0,approved,Legitimate,2024-03-03
RET000219,ORD000975,CUST00217,2025-04-05,1,Item damaged,128.58,0,1,1,0,approved,Legitimate,2025-04-08
RET000220,ORD000985,CUST00219,2024-02-14,3,Wrong size,249.28,0,1,1,0,approved,Policy Abuser,2024-02-16
RET000221,ORD000999,CUST00223,2025-02-04,1,No longer needed,32.14,0,0,1,0,approved,Legitimate,2025-02-05
RET000222,ORD001001,CUST00223,2025-04-09,6,Wrong size,177.45,1,0,1,0,approved,Wardrobing,2025-04-11
RET000223,ORD001021,CUST00228,2024-01-16,1,Changed mind,98.9,0,1,0,0,approved,Legitimate,2024-01-20
RET000224,ORD001025,CUST00230,2024-02-05,1,Late delivery,36.53,0,1,1,0,approved,Legitimate,2024-02-06
RET000225,ORD001033,CUST00232,2024-12-27,3,Item defective,37.1,0,1,0,0,rejected,Policy Abuser,2024-12-30
RET000226,ORD001042,CUST00233,2024-01-19,3,Item defective,78.15,0,1,1,0,approved,Legitimate,2024-01-21
RET000227,ORD001051,CUST00236,2024-01-29,19,Item defective,68.94,0,1,0,0,rejected,Policy Abuser,2024-01-31
RET000228,ORD001053,CUST00236,2024-06-23,1,Item damaged,157.91,1,1,1,0,approved,Legitimate,2024-06-27
RET000229,ORD001054,CUST00236,2025-07-31,11,Found cheaper elsewhere,223.65,0,1,1,0,rejected,Wardrobing,2025-08-02
RET000230,ORD001067,CUST00241,2025-03-22,1,No longer needed,113.73,0,0,1,0,approved,Legitimate,2025-03-26
RET000231,ORD001074,CUST00242,2025-03-01,12,Found cheaper elsewhere,5.0,1,1,0,0,approved,Legitimate,2025-03-04
RET000232,ORD001078,CUST00242,2024-10-23,8,Found cheaper elsewhere,195.77,0,1,1,0,approved,Policy Abuser,2024-10-26
RET000233,ORD001079,CUST00243,2024-08-01,1,No longer needed,45.53,0,1,0,0,approved,Legitimate,2024-08-03
RET000234,ORD001082,CUST00243,2025-02-01,18,Not as described,130.29,0,1,0,0,approved,Legitimate,2025-02-04
RET000235,ORD001089,CUST00246,2024-03-15,3,Late delivery,99.4,1,1,0,0,approved,Legitimate,2024-03-19
RET000236,ORD001091,CUST00246,2025-03-17,6,Late delivery,106.92,1,1,0,0,rejected,Policy Abuser,2025-03-19
RET000237,ORD001105,CUST00250,2025-02-11,2,Item defective,65.81,0,1,0,0,approved,Legitimate,2025-02-15
RET000238,ORD001106,CUST00250,2025-04-22,1,Changed mind,150.91,0,1,0,0,approved,Legitimate,2025-04-24
RET000239,ORD001107,CUST00250,2024-10-03,16,Not as described,131.43,1,1,1,0,approved,Legitimate,2024-10-05
RET000240,ORD001116,CUST00253,2024-01-17,1,Not as described,46.19,1,1,1,0,approved,Legitimate,2024-01-18
RET000241,ORD001121,CUST00255,2024-04-01,5,No longer needed,145.16,0,1,1,0,approved,Legitimate,2024-04-05
RET000242,ORD001134,CUST00258,2024-05-20,3,No longer needed,55.49,0,1,1,0,approved,Legitimate,2024-05-21
RET000243,ORD001135,CUST00258,2024-01-24,21,Item damaged,5.0,0,1,0,0,approved,Legitimate,2024-01-26
RET000244,ORD001137,CUST00258,2024-05-31,1,Wrong size,14.11,0,1,1,0,rejected,Wardrobing,2024-06-03
RET000245,ORD001164,CUST00265,2024-06-27,7,Item damaged,5.0,1,1,1,0,approved,Policy Abuser,2024-06-30
RET000246,ORD001165,CUST00265,2024-06-15,6,Late delivery,57.93,0,0,0,0,approved,Legitimate,2024-06-19
RET000247,ORD001166,CUST00265,2024-06-15,18,Item damaged,136.64,0,1,0,0,approved,Legitimate,2024-06-17
RET000248,ORD001173,CUST00266,2025-01-18,1,Found cheaper elsewhere,5.0,0,1,1,0,approved,Legitimate,2025-01-20
RET000249,ORD001185,CUST00269,2024-02-09,7,Changed mind,5.0,0,1,1,0,approved,Legitimate,2024-02-12
RET000250,ORD001186,CUST00270,2025-08-25,4,No longer needed,164.94,0,1,0,0,rejected,Policy Abuser,2025-08-26
RET000251,ORD001189,CUST00270,2024-09-23,23,Item damaged,134.9,0,1,0,0,approved,Legitimate,2024-09-25
RET000252,ORD001190,CUST00270,2024-06-24,1,Found cheaper elsewhere,140.66,1,1,1,0,approved,Legitimate,2024-06-25
RET000253,ORD001193,CUST00270,2024-07-27,4,Wrong size,79.24,0,1,0,0,approved,Legitimate,2024-07-28
RET000254,ORD001234,CUST00279,2025-06-06,1,Found cheaper elsewhere,82.71,1,0,0,0,rejected,Wardrobing,2025-06-07
RET000255,ORD001237,CUST00279,2024-02-18,1,Not as described,5.0,1,0,0,0,rejected,Fraudulent Return,2024-02-20
RET000256,ORD001238,CUST00279,2025-07-19,22,Found cheaper elsewhere,5.0,1,0,0,0,approved,Legitimate,2025-07-21
RET000257,ORD001240,CUST00279,2024-10-10,4,Item defective,248.42,1,0,1,0,rejected,Fraudulent Return,2024-10-13
RET000258,ORD001241,CUST00279,2025-07-23,17,Item defective,5.0,1,0,0,1,rejected,Policy Abuser,2025-07-27
RET000259,ORD001257,CUST00283,2024-12-15,2,Wrong size,10.37,1,1,1,0,approved,Legitimate,2024-12-18
RET000260,ORD001259,CUST00283,2024-07-11,6,No longer needed,100.7,0,1,1,0,approved,Legitimate,2024-07-13
RET000261,ORD001261,CUST00283,2025-02-15,1,Late delivery,26.6,0,1,1,0,rejected,Fraudulent Return,2025-02-18
RET000262,ORD001266,CUST00283,2025-07-06,2,Item defective,77.06,0,0,1,0,approved,Policy Abuser,2025-07-08
RET000263,ORD001267,CUST00284,2024-10-29,3,Found cheaper elsewhere,135.78,0,1,1,0,approved,Legitimate,2024-10-30
RET000264,ORD001269,CUST00285,2025-01-11,1,Item defective,49.82,1,0,1,0,approved,Policy Abuser,2025-01-13
RET000265,ORD001270,CUST00285,2025-06-17,1,Late delivery,294.05,1,1,0,1,rejected,Policy Abuser,2025-06-18
RET000266,ORD001272,CUST00285,2024-06-24,1,Found cheaper elsewhere,57.28,1,0,0,0,approved,Fraudulent Return,2024-06-27
RET000267,ORD001285,CUST00288,2025-01-15,8,No longer needed,55.59,0,1,0,0,approved,Legitimate,2025-01-18
RET000268,ORD001288,CUST00289,2025-03-05,13,Item defective,88.75,1,0,1,0,approved,Legitimate,2025-03-09
RET000269,ORD001289,CUST00289,2025-01-17,10,Item damaged,79.56,0,1,0,0,approved,Legitimate,2025-01-20
RET000270,ORD001293,CUST00290,2025-02-13,1,Changed mind,144.07,1,0,1,0,rejected,Policy Abuser,2025-02-17
RET000271,ORD001294,CUST00290,2024-04-09,2,No longer needed,160.66,1,0,0,0,rejected,Policy Abuser,2024-04-10
RET000272,ORD001298,CUST00290,2025-03-23,2,Item defective,118.3,1,1,0,0,rejected,Fraudulent Return,2025-03-24
RET000273,ORD001303,CUST00292,2024-11-01,7,Item damaged,90.41,0,1,0,0,approved,Legitimate,2024-11-05
RET000274,ORD001304,CUST00292,2024-06-18,7,Changed mind,239.55,1,1,1,0,approved,Legitimate,2024-06-21
RET000275,ORD001307,CUST00292,2025-06-06,1,No longer needed,145.31,1,1,0,0,approved,Legitimate,2025-06-07
RET000276,ORD001309,CUST00292,2024-11-15,1,No longer needed,88.02,1,1,1,0,approved,Policy Abuser,2024-11-17
RET000277,ORD001319,CUST00295,2025-08-23,6,Wrong size,220.76,0,1,1,0,approved,Legitimate,2025-08-27
RET000278,ORD001323,CUST00295,2025-04-23,1,Wrong size,105.85,0,1,1,0,approved,Legitimate,2025-04-27
RET000279,ORD001325,CUST00296,2025-01-18,2,Found cheaper elsewhere,138.03,0,1,1,0,approved,Legitimate,2025-01-19
RET000280,ORD001338,CUST00299,2024-01-06,2,Item defective,90.67,1,1,1,0,approved,Legitimate,2024-01-08
RET000281,ORD001348,CUST00301,2025-05-31,7,Found cheaper elsewhere,127.45,0,1,1,0,approved,Legitimate,2025-06-03
RET000282,ORD001350,CUST00302,2024-07-03,1,Not as described,100.08,1,0,1,0,approved,Legitimate,2024-07-05
RET000283,ORD001359,CUST00305,2024-02-17,2,Late delivery,78.04,0,0,0,0,approved,Fraudulent Return,2024-02-19
RET000284,ORD001362,CUST00305,2025-01-25,3,Found cheaper elsewhere,205.6,1,1,0,0,approved,Policy Abuser,2025-01-26
RET000285,ORD001364,CUST00305,2024-08-02,5,Wrong size,266.7,1,1,0,0,rejected,Wardrobing,2024-08-05
RET000286,ORD001369,CUST00308,2025-02-09,30,Late delivery,5.0,1,0,0,0,rejected,Wardrobing,2025-02-13
RET000287,ORD001371,CUST00308,2025-03-14,6,No longer needed,8.99,1,0,1,0,rejected,Fraudulent Return,2025-03-16
RET000288,ORD001372,CUST00308,2024-08-22,3,Changed mind,244.37,1,0,0,0,rejected,Policy Abuser,2024-08-24
RET000289,ORD001373,CUST00308,2024-09-06,6,Not as described,229.41,0,0,0,0,rejected,Fraudulent Return,2024-09-09
RET000290,ORD001376,CUST00310,2025-08-19,4,Not as described,99.02,1,0,1,0,rejected,Policy Abuser,2025-08-22
RET000291,ORD001382,CUST00311,2025-01-24,6,No longer needed,167.95,1,1,1,0,approved,Legitimate,2025-01-25
RET000292,ORD001385,CUST00311,2024-12-18,2,Not as described,159.93,0,1,0,0,approved,Legitimate,2024-12-19
RET000293,ORD001392,CUST00314,2024-06-22,2,Item defective,286.26,1,1,1,0,approved,Legitimate,2024-06-24
RET000294,ORD001398,CUST00315,2024-02-05,6,Late delivery,138.89,0,1,1,0,approved,Legitimate,2024-02-08
RET000295,ORD001412,CUST00317,2024-05-27,6,Item defective,66.78,0,1,1,0,rejected,Policy Abuser,2024-05-28
RET000296,ORD001419,CUST00320,2024-12-31,15,Not as described,41.97,0,1,1,0,approved,Legitimate,2025-01-01
RET000297,ORD001424,CUST00320,2025-06-01,18,Wrong size,106.33,0,1,1,0,approved,Legitimate,2025-06-03
RET000298,ORD001425,CUST00320,2024-07-27,5,Found cheaper elsewhere,187.71,0,1,1,0,approved,Legitimate,2024-07-31
RET000299,ORD001427,CUST00321,2025-06-22,11,Item defective,158.49,1,1,0,0,approved,Legitimate,2025-06-23
RET000300,ORD001428,CUST00321,2024-09-08,1,Changed mind,181.23,1,0,1,0,approved,Legitimate,2024-09-10
RET000301,ORD001429,CUST00321,2024-01-18,8,Wrong size,5.0,0,1,1,0,approved,Legitimate,2024-01-21
RET000302,ORD001430,CUST00321,2024-04-27,1,Item damaged,118.15,1,1,1,0,rejected,Wardrobing,2024-05-01
RET000303,ORD001431,CUST00321,2025-07-12,23,Changed mind,53.89,0,1,1,0,approved,Legitimate,2025-07-14
RET000304,ORD001432,CUST00321,2024-10-06,4,Item defective,5.0,0,1,1,1,approved,Fraudulent Return,2024-10-10
RET000305,ORD001435,CUST00322,2025-05-10,7,Changed mind,145.4,0,1,1,0,approved,Legitimate,2025-05-12
RET000306,ORD001437,CUST00323,2024-11-16,6,Item damaged,120.88,1,1,0,1,approved,Fraudulent Return,2024-11-18
RET000307,ORD001439,CUST00323,2024-11-11,1,No longer needed,171.9,1,0,0,0,rejected,Wardrobing,2024-11-13
RET000308,ORD001440,CUST00323,2024-05-03,7,Found cheaper elsewhere,75.56,1,0,0,0,rejected,Policy Abuser,2024-05-05
RET000309,ORD001441,CUST00323,2025-05-26,1,Item defective,112.22,1,0,0,1,approved,Policy Abuser,2025-05-30
RET000310,ORD001442,CUST00323,2024-07-04,1,Found cheaper elsewhere,128.45,1,0,0,1,approved,Policy Abuser,2024-07-05
RET000311,ORD001443,CUST00323,2025-06-04,13,Changed mind,144.6,1,0,0,1,rejected,Fraudulent Return,2025-06-07
RET000312,ORD001446,CUST00324,2025-01-03,2,Item defective,39.6,0,1,1,0,approved,Legitimate,2025-01-04
RET000313,ORD001465,CUST00329,2025-06-01,3,Late delivery,249.47,1,0,1,1,rejected,Fraudulent Return,2025-06-02
RET000314,ORD001467,CUST00329,2024-03-03,1,Found cheaper elsewhere,12.03,1,1,0,0,rejected,Fraudulent Return,2024-03-06
RET000315,ORD001468,CUST00329,2025-07-02,2,No longer needed,219.75,0,0,0,0,rejected,Fraudulent Return,2025-07-05
RET000316,ORD001470,CUST00329,2024-05-19,9,Changed mind,12.53,1,0,0,1,rejected,Wardrobing,2024-05-21
RET000317,ORD001474,CUST00330,2025-02-03,8,Wrong size,161.69,1,1,1,0,approved,Legitimate,2025-02-07
RET000318,ORD001475,CUST00330,2025-05-27,4,Item defective,213.3,0,0,1,0,approved,Fraudulent Return,2025-05-31
RET000319,ORD001478,CUST00331,2025-05-07,1,Item defective,81.04,1,0,0,0,rejected,Wardrobing,2025-05-11
RET000320,ORD001482,CUST00331,2025-07-28,4,Item defective,194.12,1,0,0,1,rejected,Wardrobing,2025-08-01
RET000321,ORD001487,CUST00332,2025-01-21,11,Found cheaper elsewhere,256.89,0,1,1,0,approved,Legitimate,2025-01-24
RET000322,ORD001508,CUST00336,2025-06-21,11,Item defective,120.8,1,1,1,0,rejected,Policy Abuser,2025-06-23
RET000323,ORD001510,CUST00337,2025-04-26,6,Item defective,5.0,0,1,1,0,approved,Legitimate,2025-04-27
RET000324,ORD001514,CUST00338,2024-10-07,1,Item damaged,74.78,1,1,0,1,approved,Policy Abuser,2024-10-10
RET000325,ORD001515,CUST00338,2025-02-22,16,Late delivery,169.61,1,0,0,0,rejected,Policy Abuser,2025-02-23
RET000326,ORD001516,CUST00338,2025-06-08,9,Item defective,222.23,1,0,0,0,rejected,Policy Abuser,2025-06-09
RET000327,ORD001518,CUST00338,2025-05-15,1,Found cheaper elsewhere,138.71,1,0,0,0,rejected,Wardrobing,2025-05-19
RET000328,ORD001519,CUST00338,2025-02-22,1,Found cheaper elsewhere,112.62,1,1,0,1,rejected,Wardrobing,2025-02-23
RET000329,ORD001520,CUST00338,2024-07-23,1,No longer needed,235.48,1,1,0,0,rejected,Policy Abuser,2024-07-25
RET000330,ORD001521,CUST00338,2025-04-14,1,No longer needed,130.71,1,1,0,0,rejected,Wardrobing,2025-04-18
RET000331,ORD001523,CUST00339,2025-08-14,14,Not as described,168.69,0,1,1,0,approved,Legitimate,2025-08-17
RET000332,ORD001533,CUST00340,2024-07-23,6,Found cheaper elsewhere,144.9,1,1,1,0,rejected,Policy Abuser,2024-07-27
RET000333,ORD001541,CUST00343,2024-03-10,3,Changed mind,5.0,0,1,1,0,approved,Legitimate,2024-03-13
RET000334,ORD001555,CUST00345,2024-09-17,1,Not as described,171.58,0,1,1,0,approved,Legitimate,2024-09-20
RET000335,ORD001558,CUST00345,2024-09-27,2,Not as described,60.1,0,1,1,0,approved,Legitimate,2024-09-30
RET000336,ORD001569,CUST00348,2024-06-08,2,Late delivery,16.67,0,1,1,0,approved,Legitimate,2024-06-12
RET000337,ORD001572,CUST00349,2024-09-14,11,Late delivery,209.87,0,0,0,0,approved,Wardrobing,2024-09-15
RET000338,ORD001574,CUST00349,2025-03-16,1,Not as described,147.67,1,1,0,0,rejected,Wardrobing,2025-03-20
RET000339,ORD001575,CUST00349,2025-06-26,1,Item defective,110.28,1,0,0,0,rejected,Fraudulent Return,2025-06-30
RET000340,ORD001576,CUST00349,2024-01-23,15,Found cheaper elsewhere,244.92,1,0,0,0,rejected,Fraudulent Return,2024-01-25
RET000341,ORD001577,CUST00349,2024-08-07,16,Late delivery,126.87,1,0,0,1,rejected,Policy Abuser,2024-08-09
RET000342,ORD001589,CUST00352,2024-04-04,1,Changed mind,97.55,0,1,0,0,approved,Legitimate,2024-04-06
RET000343,ORD001593,CUST00353,2024-08-12,13,Not as described,126.92,0,1,1,0,rejected,Wardrobing,2024-08-13
RET000344,ORD001598,CUST00354,2025-08-16,5,Not as described,90.32,0,0,1,0,approved,Legitimate,2025-08-18
RET000345,ORD001600,CUST00354,2024-11-20,5,Late delivery,5.0,1,1,1,0,rejected,Policy Abuser,2024-11-22
RET000346,ORD001601,CUST00354,2025-05-13,4,Late delivery,76.28,0,1,0,0,approved,Legitimate,2025-05-15
RET000347,ORD001609,CUST00357,2024-08-03,1,No longer needed,131.17,1,0,0,0,rejected,Wardrobing,2024-08-04
RET000348,ORD001610,CUST00357,2024-10-04,1,Changed mind,88.0,1,0,1,1,rejected,Policy Abuser,2024-10-06
RET000349,ORD001611,CUST00357,2025-03-26,3,Item damaged,47.29,1,1,0,0,rejected,Fraudulent Return,2025-03-30
RET000350,ORD001612,CUST00357,2025-01-15,1,Changed mind,259.98,0,0,1,0,rejected,Policy Abuser,2025-01-17
RET000351,ORD001623,CUST00359,2025-08-09,9,Item damaged,89.78,0,1,1,0,approved,Legitimate,2025-08-13
RET000352,ORD001626,CUST00360,2025-06-28,1,Wrong size,167.61,1,1,1,1,approved,Legitimate,2025-07-02
RET000353,ORD001627,CUST00360,2024-09-24,5,Wrong size,35.79,1,0,0,1,rejected,Fraudulent Return,2024-09-27
RET000354,ORD001629,CUST00362,2024-03-21,1,Item damaged,98.95,0,0,1,0,approved,Legitimate,2024-03-23
RET000355,ORD001632,CUST00363,2024-03-29,1,Item defective,208.63,1,0,1,0,rejected,Fraudulent Return,2024-03-31
RET000356,ORD001638,CUST00364,2025-06-01,1,Item damaged,8.54,1,1,0,0,approved,Legitimate,2025-06-03
RET000357,ORD001645,CUST00366,2024-09-17,5,Item damaged,104.28,0,1,1,0,rejected,Fraudulent Return,2024-09-21
RET000358,ORD001651,CUST00367,2024-10-01,5,Changed mind,168.63,1,1,0,0,approved,Legitimate,2024-10-04
RET000359,ORD001656,CUST00367,2024-10-01,1,Item defective,84.05,1,1,1,1,approved,Legitimate,2024-10-04
RET000360,ORD001662,CUST00368,2024-08-08,6,Item defective,32.64,0,1,1,0,approved,Legitimate,2024-08-12
RET000361,ORD001663,CUST00369,2025-04-22,6,Item defective,195.04,0,1,1,0,approved,Legitimate,2025-04-25
RET000362,ORD001664,CUST00369,2025-02-19,1,Wrong size,5.0,1,1,0,0,approved,Wardrobing,2025-02-23
RET000363,ORD001666,CUST00369,2025-04-21,2,Changed mind,174.78,0,1,1,0,approved,Legitimate,2025-04-24
RET000364,ORD001667,CUST00369,2024-07-17,1,Late delivery,370.21,1,1,1,0,approved,Legitimate,2024-07-21
RET000365,ORD001678,CUST00372,2025-03-07,9,No longer needed,102.77,0,1,1,0,approved,Legitimate,2025-03-10
RET000366,ORD001679,CUST00372,2025-03-11,8,Item damaged,94.88,0,0,1,0,approved,Legitimate,2025-03-13
RET000367,ORD001691,CUST00375,2025-05-09,14,Found cheaper elsewhere,66.44,0,1,1,0,approved,Legitimate,2025-05-11
RET000368,ORD001697,CUST00376,2024-07-24,24,Not as described,79.6,0,1,1,0,rejected,Policy Abuser,2024-07-25
RET000369,ORD001709,CUST00378,2024-11-03,4,Late delivery,73.77,0,1,0,0,approved,Legitimate,2024-11-04
RET000370,ORD001720,CUST00381,2024-11-03,4,Item damaged,226.55,1,1,1,0,approved,Legitimate,2024-11-07
RET000371,ORD001723,CUST00382,2024-03-23,1,Item damaged,100.8,1,0,1,0,approved,Fraudulent Return,2024-03-25
RET000372,ORD001724,CUST00382,2024-05-10,6,Wrong size,182.1,1,0,1,1,rejected,Policy Abuser,2024-05-12
RET000373,ORD001725,CUST00382,2025-03-23,14,Late delivery,184.81,1,0,0,0,approved,Legitimate,2025-03-27
RET000374,ORD001728,CUST00384,2025-07-29,5,No longer needed,64.71,1,0,1,0,rejected,Wardrobing,2025-08-01
RET000375,ORD001729,CUST00384,2025-02-07,8,Wrong size,45.35,1,0,0,0,approved,Policy Abuser,2025-02-11
RET000376,ORD001730,CUST00384,2024-08-19,5,Not as described,167.94,0,1,0,1,rejected,Fraudulent Return,2024-08-21
RET000377,ORD001758,CUST00391,2024-04-16,2,Not as described,135.71,0,1,1,0,approved,Legitimate,2024-04-19
RET000378,ORD001760,CUST00392,2024-03-13,1,No longer needed,87.73,0,1,1,0,approved,Legitimate,2024-03-17
RET000379,ORD001761,CUST00392,2024-03-20,1,Changed mind,236.52,0,1,1,0,approved,Legitimate,2024-03-23
RET000380,ORD001764,CUST00392,2024-10-25,11,No longer needed,186.3,1,1,1,0,approved,Legitimate,2024-10-26
RET000381,ORD001785,CUST00400,2024-11-17,2,Wrong size,116.34,1,0,1,0,approved,Legitimate,2024-11-20
RET000382,ORD001786,CUST00400,2024-02-02,4,Found cheaper elsewhere,54.8,0,1,1,0,approved,Legitimate,2024-02-03
RET000383,ORD001788,CUST00400,2024-03-16,6,Item damaged,117.6,0,1,0,0,approved,Legitimate,2024-03-17
RET000384,ORD001791,CUST00400,2024-11-20,2,Late delivery,100.48,1,1,1,0,approved,Legitimate,2024-11-22
RET000385,ORD001796,CUST00402,2025-07-22,5,Item damaged,64.03,1,1,1,0,approved,Fraudulent Return,2025-07-24
RET000386,ORD001799,CUST00403,2025-06-27,6,Found cheaper elsewhere,178.21,1,0,0,1,rejected,Fraudulent Return,2025-06-29
RET000387,ORD001800,CUST00403,2024-10-12,1,Wrong size,151.26,0,0,1,0,rejected,Policy Abuser,2024-10-16
RET000388,ORD001801,CUST00403,2024-12-22,4,Item damaged,94.77,1,0,0,1,rejected,Fraudulent Return,2024-12-24
RET000389,ORD001802,CUST00403,2025-04-12,7,Not as described,101.8,1,0,1,0,rejected,Fraudulent Return,2025-04-15
RET000390,ORD001819,CUST00406,2024-09-22,3,Wrong size,91.16,1,0,1,0,approved,Legitimate,2024-09-26
RET000391,ORD001824,CUST00407,2024-07-28,8,Found cheaper elsewhere,5.0,1,0,0,0,rejected,Wardrobing,2024-07-29
RET000392,ORD001826,CUST00407,2024-05-14,30,Late delivery,115.13,1,0,0,0,approved,Fraudulent Return,2024-05-16
RET000393,ORD001842,CUST00410,2025-05-27,13,Late delivery,172.18,0,1,1,0,approved,Legitimate,2025-05-28
RET000394,ORD001856,CUST00413,2025-02-20,14,No longer needed,5.0,0,1,1,0,approved,Legitimate,2025-02-22
RET000395,ORD001859,CUST00414,2025-06-25,19,Found cheaper elsewhere,194.22,1,1,0,0,rejected,Wardrobing,2025-06-29
RET000396,ORD001860,CUST00414,2025-06-05,3,Found cheaper elsewhere,111.04,1,0,0,0,rejected,Fraudulent Return,2025-06-06
RET000397,ORD001862,CUST00414,2025-04-28,8,Item damaged,144.01,1,0,0,1,approved,Wardrobing,2025-05-02
RET000398,ORD001864,CUST00414,2024-11-30,12,Wrong size,230.72,1,1,0,1,rejected,Policy Abuser,2024-12-04
RET000399,ORD001865,CUST00414,2024-11-30,4,No longer needed,93.14,1,0,0,0,rejected,Fraudulent Return,2024-12-03
RET000400,ORD001867,CUST00414,2024-04-28,30,Not as described,146.96,1,0,0,1,rejected,Fraudulent Return,2024-05-01
RET000401,ORD001881,CUST00417,2025-09-01,20,Late delivery,5.0,0,1,1,0,approved,Legitimate,2025-09-04
RET000402,ORD001884,CUST00418,2024-11-19,6,Changed mind,111.19,0,1,0,0,approved,Legitimate,2024-11-23
RET000403,ORD001885,CUST00418,2024-06-20,1,Found cheaper elsewhere,301.21,0,1,1,0,rejected,Policy Abuser,2024-06-24
RET000404,ORD001886,CUST00418,2024-11-15,2,Item defective,161.91,0,1,0,0,approved,Legitimate,2024-11-16
RET000405,ORD001887,CUST00418,2024-02-25,1,Item damaged,39.97,0,1,0,0,approved,Policy Abuser,2024-02-29
RET000406,ORD001888,CUST00418,2024-09-01,1,Item damaged,148.68,0,0,1,0,approved,Legitimate,2024-09-02
RET000407,ORD001889,CUST00418,2024-12-14,8,No longer needed,5.0,1,1,1,0,approved,Policy Abuser,2024-12-18
RET000408,ORD001890,CUST00419,2025-03-31,4,Wrong size,253.21,0,1,1,0,approved,Legitimate,2025-04-01
RET000409,ORD001896,CUST00420,2025-01-07,1,Late delivery,169.9,0,0,0,0,approved,Legitimate,2025-01-09
RET000410,ORD001899,CUST00421,2025-08-13,5,Item damaged,5.0,0,1,1,0,approved,Legitimate,2025-08-15
RET000411,ORD001907,CUST00423,2024-10-21,3,Late delivery,121.26,0,1,0,0,approved,Legitimate,2024-10-24
RET000412,ORD001908,CUST00423,2025-08-21,2,Late delivery,162.95,0,1,1,1,approved,Legitimate,2025-08-25
RET000413,ORD001909,CUST00424,2024-05-25,8,Late delivery,15.19,0,1,1,0,approved,Legitimate,2024-05-28
RET000414,ORD001913,CUST00424,2025-05-08,1,Item damaged,186.63,0,1,1,0,approved,Legitimate,2025-05-09
RET000415,ORD001921,CUST00427,2024-10-15,1,Late delivery,86.26,0,0,1,0,approved,Legitimate,2024-10-16
RET000416,ORD001928,CUST00428,2024-01-28,7,Changed mind,36.61,0,1,1,0,approved,Legitimate,2024-02-01
RET000417,ORD001931,CUST00428,2024-11-14,5,Item damaged,5.0,0,1,1,0,approved,Legitimate,2024-11-17
RET000418,ORD001939,CUST00430,2024-06-30,6,Item defective,148.24,0,1,1,0,approved,Legitimate,2024-07-01
RET000419,ORD001943,CUST00431,2024-06-25,5,Item damaged,23.99,0,1,0,0,rejected,Policy Abuser,2024-06-28
RET000420,ORD001954,CUST00434,2024-08-09,7,Changed mind,5.0,1,0,0,0,rejected,Policy Abuser,2024-08-13
RET000421,ORD001955,CUST00434,2024-03-09,16,Item damaged,56.49,1,0,0,1,rejected,Fraudulent Return,2024-03-13
RET000422,ORD001956,CUST00434,2025-04-22,1,Wrong size,125.59,0,1,0,1,rejected,Policy Abuser,2025-04-25
RET000423,ORD001957,CUST00434,2024-06-13,10,Wrong size,5.0,1,1,1,0,rejected,Policy Abuser,2024-06-17
RET000424,ORD001958,CUST00434,2025-02-23,3,Found cheaper elsewhere,5.0,1,1,0,0,approved,Fraudulent Return,2025-02-27
RET000425,ORD001975,CUST00438,2025-03-22,2,Found cheaper elsewhere,28.11,0,1,0,0,rejected,Wardrobing,2025-03-23
RET000426,ORD001981,CUST00440,2024-09-22,6,Changed mind,221.01,1,1,1,0,approved,Legitimate,2024-09-26
RET000427,ORD001983,CUST00440,2024-10-28,3,No longer needed,110.55,0,1,1,0,approved,Legitimate,2024-10-29
RET000428,ORD001984,CUST00440,2025-07-15,4,Late delivery,251.3,1,1,1,0,approved,Legitimate,2025-07-17
RET000429,ORD002008,CUST00447,2024-11-02,1,Wrong size,198.53,1,1,1,0,approved,Legitimate,2024-11-03
RET000430,ORD002022,CUST00449,2025-03-29,7,No longer needed,167.94,0,1,1,0,approved,Legitimate,2025-04-01
RET000431,ORD002024,CUST00449,2025-08-03,12,Wrong size,44.08,0,1,1,0,approved,Legitimate,2025-08-05
RET000432,ORD002030,CUST00450,2024-05-10,1,Late delivery,5.0,0,1,1,0,approved,Legitimate,2024-05-11
RET000433,ORD002031,CUST00450,2025-01-26,14,Changed mind,128.52,1,0,1,0,approved,Legitimate,2025-01-30
RET000434,ORD002050,CUST00453,2024-03-04,11,Late delivery,264.77,1,1,0,1,rejected,Policy Abuser,2024-03-05
RET000435,ORD002052,CUST00453,2024-12-28,9,Changed mind,157.87,1,0,0,0,rejected,Policy Abuser,2024-12-31
RET000436,ORD002053,CUST00453,2025-05-27,1,Wrong size,143.12,1,0,1,0,rejected,Fraudulent Return,2025-05-29
RET000437,ORD002054,CUST00453,2025-03-03,7,Item damaged,85.51,1,0,0,1,rejected,Policy Abuser,2025-03-06
RET000438,ORD002055,CUST00453,2024-08-16,12,Wrong size,161.02,1,1,0,1,rejected,Wardrobing,2024-08-17
RET000439,ORD002056,CUST00453,2025-07-11,2,No longer needed,139.32,0,0,0,0,rejected,Fraudulent Return,2025-07-12
RET000440,ORD002065,CUST00455,2025-07-29,16,No longer needed,248.41,0,0,1,0,approved,Legitimate,2025-07-31
RET000441,ORD002066,CUST00455,2024-08-05,9,Wrong size,226.44,0,1,1,0,approved,Legitimate,2024-08-09
RET000442,ORD002067,CUST00456,2025-01-11,6,Item defective,69.83,1,0,0,0,approved,Policy Abuser,2025-01-13
RET000443,ORD002068,CUST00456,2024-12-04,1,Found cheaper elsewhere,30.62,1,1,0,0,rejected,Wardrobing,2024-12-07
RET000444,ORD002070,CUST00456,2024-05-26,1,Found cheaper elsewhere,281.77,1,0,0,1,rejected,Fraudulent Return,2024-05-28
RET000445,ORD002071,CUST00456,2024-07-12,1,Item damaged,94.98,0,1,0,0,rejected,Policy Abuser,2024-07-16
RET000446,ORD002072,CUST00456,2024-09-09,14,Item defective,127.49,1,1,0,0,rejected,Wardrobing,2024-09-10
RET000447,ORD002074,CUST00457,2025-08-06,7,Late delivery,167.4,1,0,0,0,approved,Legitimate,2025-08-09
RET000448,ORD002078,CUST00457,2024-06-27,5,Late delivery,219.65,0,1,0,0,rejected,Wardrobing,2024-06-29
RET000449,ORD002081,CUST00458,2024-06-16,1,Wrong size,317.72,1,0,0,1,rejected,Fraudulent Return,2024-06-19
RET000450,ORD002082,CUST00458,2025-06-13,10,Item defective,121.98,1,1,0,1,rejected,Fraudulent Return,2025-06-16
RET000451,ORD002083,CUST00458,2025-05-09,4,Wrong size,77.35,1,0,0,0,rejected,Wardrobing,2025-05-11
RET000452,ORD002084,CUST00458,2024-12-19,1,Found cheaper elsewhere,183.96,0,0,0,0,rejected,Fraudulent Return,2024-12-22
RET000453,ORD002085,CUST00458,2024-11-23,5,Late delivery,233.19,1,0,0,1,approved,Legitimate,2024-11-24
RET000454,ORD002086,CUST00458,2024-09-27,3,Late delivery,172.5,1,1,1,1,rejected,Policy Abuser,2024-10-01
RET000455,ORD002087,CUST00458,2025-07-23,1,Wrong size,110.89,1,0,0,0,rejected,Wardrobing,2025-07-25
RET000456,ORD002127,CUST00468,2024-10-09,1,Item defective,38.78,0,1,1,0,approved,Legitimate,2024-10-13
RET000457,ORD002128,CUST00468,2024-04-28,3,Found cheaper elsewhere,41.76,0,1,1,0,rejected,Policy Abuser,2024-04-30
RET000458,ORD002129,CUST00468,2024-07-29,3,Not as described,193.22,0,0,0,0,rejected,Wardrobing,2024-07-30
RET000459,ORD002132,CUST00469,2024-09-26,1,Item defective,43.99,1,0,1,0,approved,Fraudulent Return,2024-09-28
RET000460,ORD002133,CUST00469,2025-01-24,11,Changed mind,98.25,1,1,0,0,approved,Fraudulent Return,2025-01-26
RET000461,ORD002134,CUST00470,2025-02-10,10,Item damaged,163.08,1,1,0,0,approved,Legitimate,2025-02-13
RET000462,ORD002135,CUST00470,2025-08-07,1,Changed mind,184.11,0,1,1,0,approved,Policy Abuser,2025-08-10
RET000463,ORD002137,CUST00470,2025-05-04,15,Changed mind,244.03,1,1,0,0,approved,Legitimate,2025-05-07
RET000464,ORD002139,CUST00470,2024-01-27,1,Item damaged,142.02,0,1,1,0,rejected,Policy Abuser,2024-01-29
RET000465,ORD002156,CUST00474,2024-05-02,1,Found cheaper elsewhere,238.91,0,1,0,0,approved,Legitimate,2024-05-04
RET000466,ORD002159,CUST00474,2024-12-17,3,Item damaged,5.0,0,0,1,0,approved,Legitimate,2024-12-19
RET000467,ORD002161,CUST00474,2024-03-19,2,Wrong size,213.46,0,1,1,1,approved,Legitimate,2024-03-21
RET000468,ORD002163,CUST00475,2025-06-06,2,No longer needed,114.16,0,1,1,0,approved,Legitimate,2025-06-09
RET000469,ORD002172,CUST00477,2024-03-12,1,Wrong size,191.84,1,0,0,1,rejected,Policy Abuser,2024-03-16
RET000470,ORD002173,CUST00477,2025-08-06,3,Item damaged,78.6,1,1,1,0,approved,Policy Abuser,2025-08-08
RET000471,ORD002174,CUST00477,2024-11-26,10,Item damaged,191.8,1,0,0,0,rejected,Policy Abuser,2024-11-28
RET000472,ORD002175,CUST00477,2024-03-19,10,No longer needed,121.37,0,0,0,0,approved,Fraudulent Return,2024-03-21
RET000473,ORD002176,CUST00477,2024-07-15,1,Late delivery,107.61,1,0,0,0,rejected,Fraudulent Return,2024-07-19
RET000474,ORD002192,CUST00481,2025-01-14,3,Late delivery,19.18,0,1,1,0,approved,Legitimate,2025-01-15
RET000475,ORD002193,CUST00481,2025-08-02,4,Changed mind,173.91,0,1,1,0,rejected,Policy Abuser,2025-08-04
RET000476,ORD002194,CUST00481,2024-02-03,9,Wrong size,175.65,0,0,0,0,rejected,Wardrobing,2024-02-05
RET000477,ORD002195,CUST00481,2024-06-05,2,Not as described,5.0,1,1,1,0,approved,Legitimate,2024-06-09
RET000478,ORD002199,CUST00482,2025-03-14,1,No longer needed,89.56,1,1,1,0,approved,Legitimate,2025-03-15
RET000479,ORD002200,CUST00482,2025-04-15,1,Item damaged,151.84,0,1,1,0,approved,Legitimate,2025-04-19
RET000480,ORD002202,CUST00482,2024-11-05,5,Item defective,176.2,0,1,1,0,rejected,Wardrobing,2024-11-07
RET000481,ORD002204,CUST00483,2025-07-02,1,Late delivery,91.83,0,1,1,0,approved,Legitimate,2025-07-06
RET000482,ORD002213,CUST00484,2024-11-27,30,Late delivery,112.15,1,1,0,0,approved,Wardrobing,2024-11-30
RET000483,ORD002214,CUST00484,2025-03-13,5,Found cheaper elsewhere,254.95,1,0,0,0,rejected,Wardrobing,2025-03-17
RET000484,ORD002215,CUST00485,2024-03-18,7,No longer needed,184.45,1,1,1,0,approved,Legitimate,2024-03-21
RET000485,ORD002216,CUST00485,2025-04-14,1,Item defective,111.54,0,1,1,0,approved,Legitimate,2025-04-15
RET000486,ORD002222,CUST00486,2024-11-16,2,Item damaged,168.07,1,0,1,0,approved,Legitimate,2024-11-19
RET000487,ORD002223,CUST00486,2024-06-01,6,Item defective,76.5,0,1,1,0,approved,Legitimate,2024-06-02
RET000488,ORD002224,CUST00486,2024-01-08,1,Late delivery,201.39,0,0,0,0,approved,Legitimate,2024-01-09
RET000489,ORD002226,CUST00487,2025-01-15,1,Item defective,153.41,0,0,1,0,approved,Legitimate,2025-01-19
RET000490,ORD002245,CUST00490,2025-01-10,17,Item damaged,146.22,0,1,0,0,approved,Legitimate,2025-01-12
RET000491,ORD002247,CUST00490,2024-11-06,1,Found cheaper elsewhere,195.48,0,1,1,0,rejected,Policy Abuser,2024-11-09
RET000492,ORD002249,CUST00490,2025-05-22,10,Item damaged,30.03,0,1,0,0,approved,Legitimate,2025-05-25
RET000493,ORD002250,CUST00490,2025-02-28,3,Late delivery,177.88,0,0,1,0,approved,Legitimate,2025-03-04
RET000494,ORD002262,CUST00494,2024-07-18,5,Item damaged,72.34,1,1,1,0,rejected,Policy Abuser,2024-07-22
RET000495,ORD002264,CUST00494,2024-01-23,4,Not as described,104.33,0,1,0,0,approved,Policy Abuser,2024-01-25
RET000496,ORD002265,CUST00494,2025-03-21,7,Late delivery,274.47,1,1,0,0,rejected,Policy Abuser,2025-03-24
RET000497,ORD002266,CUST00495,2024-12-23,4,Not as described,247.06,1,1,1,0,approved,Legitimate,2024-12-25
RET000498,ORD002273,CUST00497,2025-06-21,10,No longer needed,273.05,0,1,1,0,rejected,Policy Abuser,2025-06-24
RET000499,ORD002285,CUST00500,2025-03-17,1,Wrong size,240.42,1,1,1,0,approved,Legitimate,2025-03-18
